job_id,title,company,location,link,search_term,collected_at
4400499311,Frontend Developer,TRIA,,https://www.linkedin.com/jobs/view/4400499311,Software Developer,2026-05-06 00:58:41
4400412322,Full Stack Web Developer,AAT,,https://www.linkedin.com/jobs/view/4400412322,Software Developer,2026-05-06 00:58:44
4406999072,Front End Software Engineer (React & Typescript),interactive investor,,https://www.linkedin.com/jobs/view/4406999072,Software Developer,2026-05-06 00:58:46
4407380887,Full Stack Developer (JavaScript / TypeScript / Node.js),Acquire,,https://www.linkedin.com/jobs/view/4407380887,Software Developer,2026-05-06 00:58:54
4408404544,Frontend Engineer,Qurated,,https://www.linkedin.com/jobs/view/4408404544,Software Developer,2026-05-06 00:58:57
4410597430,Full Stack Engineer,CHOUCHOU EUROPE LTD,,https://www.linkedin.com/jobs/view/4410597430,Software Developer,2026-05-06 00:59:11
4405986572,Full Stack Developer,Morta,,https://www.linkedin.com/jobs/view/4405986572,Software Developer,2026-05-06 00:59:22
4406085080,Software Engineer,TRIA,,https://www.linkedin.com/jobs/view/4406085080,Software Developer,2026-05-06 00:59:27
4406387538,Frontend Engineer (Inbox Web),Proton,,https://www.linkedin.com/jobs/view/4406387538,Software Developer,2026-05-06 00:59:34
4407430212,Full Stack Developer,The Guardian,,https://www.linkedin.com/jobs/view/4407430212,Software Developer,2026-05-06 00:59:36
4406535917,Web Developer,Futures,,https://www.linkedin.com/jobs/view/4406535917,Software Developer,2026-05-06 00:59:45
4409339351,Full Stack Engineer,Space Executive,,https://www.linkedin.com/jobs/view/4409339351,Software Developer,2026-05-06 00:59:50
4408400930,UI Engineer,mthree,,https://www.linkedin.com/jobs/view/4408400930,Software Developer,2026-05-06 00:59:55
4408415841,Full Stack Engineer,develop,,https://www.linkedin.com/jobs/view/4408415841,Software Developer,2026-05-06 00:59:56
4408501230,Frontend Developer,Dexory,,https://www.linkedin.com/jobs/view/4408501230,Software Developer,2026-05-06 00:59:59
4403719518,Frontend Engineer,Zuma Labs,,https://www.linkedin.com/jobs/view/4403719518,Software Developer,2026-05-06 01:00:18
4401049593,Full Stack Engineer,Amicus,,https://www.linkedin.com/jobs/view/4401049593,Software Developer,2026-05-06 01:00:19
4406271964,Full Stack Engineer,Arrows,,https://www.linkedin.com/jobs/view/4406271964,Software Developer,2026-05-06 01:00:25
4410519655,Full Stack Engineer (Python / React),SGI,,https://www.linkedin.com/jobs/view/4410519655,Software Developer,2026-05-06 01:00:26
4402275359,Full Stack Developer,Stoc,,https://www.linkedin.com/jobs/view/4402275359,Software Developer,2026-05-06 01:00:28
4400200070,Software Engineer I,Axon,,https://www.linkedin.com/jobs/view/4400200070,Software Developer,2026-05-06 01:00:32
4401747712,Full Stack Engineer,PurpleSector,,https://www.linkedin.com/jobs/view/4401747712,Software Developer,2026-05-06 01:00:41
4410714579,Backend developer,Front Row,,https://www.linkedin.com/jobs/view/4410714579,Software Developer,2026-05-06 01:00:42
4405251248,Frontend Engineer,Jumpstart,,https://www.linkedin.com/jobs/view/4405251248,Software Developer,2026-05-06 01:00:44
4409058109,Junior GTM Engineer,yhangry,,https://www.linkedin.com/jobs/view/4409058109,Software Developer,2026-05-06 01:00:54
4407026281,Software Engineer,Wolt,,https://www.linkedin.com/jobs/view/4407026281,Software Developer,2026-05-06 01:01:04
4405973414,Frontend Developer,Tata Consultancy Services,,https://www.linkedin.com/jobs/view/4405973414,Software Developer,2026-05-06 01:01:11
4404327622,UX Frontend Developer,Addition,,https://www.linkedin.com/jobs/view/4404327622,Software Developer,2026-05-06 01:01:16
4407940569,Full Stack Engineer,Oho Group,,https://www.linkedin.com/jobs/view/4407940569,Software Developer,2026-05-06 01:01:17
4397231641,Full Stack Engineer,Goodman Masson,,https://www.linkedin.com/jobs/view/4397231641,Software Developer,2026-05-06 01:01:19
4408454419,Full Stack Engineer,Atos,,https://www.linkedin.com/jobs/view/4408454419,Software Developer,2026-05-06 01:01:21
4398233112,Software Engineer,Perk,,https://www.linkedin.com/jobs/view/4398233112,Software Developer,2026-05-06 01:01:23
4407826160,Senior Shopify Developer (Contract),Underwaterpistol (Shopify Plus Agency),,https://www.linkedin.com/jobs/view/4407826160,Software Developer,2026-05-06 01:01:24
4407208742,React Frontend Developer,Hunter Bond,,https://www.linkedin.com/jobs/view/4407208742,Software Developer,2026-05-06 01:01:27
4288411138,Senior Back End Developer,KodeLab,,https://www.linkedin.com/jobs/view/4288411138,Software Developer,2026-05-06 01:01:39
4407892934,Full Stack Software Engineer,Neutreeno,,https://www.linkedin.com/jobs/view/4407892934,Software Developer,2026-05-06 01:01:47
4408414023,Software Engineer,mthree,,https://www.linkedin.com/jobs/view/4408414023,Software Developer,2026-05-06 01:02:09
4408192823,"React Developer - Up to £180,000 + Bonus + Package",Hunter Bond,,https://www.linkedin.com/jobs/view/4408192823,Software Developer,2026-05-06 01:02:14
4400533637,Full Stack Engineer,Formula.,,https://www.linkedin.com/jobs/view/4400533637,Software Developer,2026-05-06 01:02:15
4400820809,Full Stack Engineer,Gravitas Recruitment Group (Global) Ltd,,https://www.linkedin.com/jobs/view/4400820809,Software Developer,2026-05-06 01:02:23
4407206888,Software Engineer,Hunter Bond,,https://www.linkedin.com/jobs/view/4407206888,Software Developer,2026-05-06 01:02:28
4400408338,Software Engineer,Vertex Agility,,https://www.linkedin.com/jobs/view/4400408338,Software Developer,2026-05-06 01:02:30
4409400779,Software Engineer,Candour,,https://www.linkedin.com/jobs/view/4409400779,Software Developer,2026-05-06 01:02:33
4406172042,Software Engineer,Accelero,,https://www.linkedin.com/jobs/view/4406172042,Software Developer,2026-05-06 01:02:37
4407936696,Full Stack Engineer,Oho Group,,https://www.linkedin.com/jobs/view/4407936696,Software Developer,2026-05-06 01:02:51
4342111063,Front End JavaScript Developer,Enigma Software Solutions,,https://www.linkedin.com/jobs/view/4342111063,Software Developer,2026-05-06 01:03:07
4403949463,Full-Stack Web Developer,Wave Photonics,,https://www.linkedin.com/jobs/view/4403949463,Software Developer,2026-05-06 01:03:08
4391596093,Full Stack Developer,Durell Software,,https://www.linkedin.com/jobs/view/4391596093,Software Developer,2026-05-06 01:03:13
4409192927,Software Engineer,Candour,,https://www.linkedin.com/jobs/view/4409192927,Software Developer,2026-05-06 01:03:24
4384045692,Front End Developer (React),Version 1,,https://www.linkedin.com/jobs/view/4384045692,Software Developer,2026-05-06 01:03:26
4408195772,Software Engineer (Python/React) - Up to 140k + Bonus,Hunter Bond,,https://www.linkedin.com/jobs/view/4408195772,Software Developer,2026-05-06 01:03:28
4408431796,Full Stack Engineer,develop,,https://www.linkedin.com/jobs/view/4408431796,Software Developer,2026-05-06 01:03:30
4404813753,Software Engineer,Accelero,,https://www.linkedin.com/jobs/view/4404813753,Software Developer,2026-05-06 01:03:32
4407784057,Software Engineer (Frontend / Backend / Full-Stack),Accenture,,https://www.linkedin.com/jobs/view/4407784057,Software Developer,2026-05-06 01:03:33
4401061900,Full Stack Software Developer,WDR Ltd,,https://www.linkedin.com/jobs/view/4401061900,Software Developer,2026-05-06 01:03:56
4407204836,Software Engineer,Hunter Bond,,https://www.linkedin.com/jobs/view/4407204836,Software Developer,2026-05-06 01:04:04
4378913648,Full Stack Engineer,Diligent,,https://www.linkedin.com/jobs/view/4378913648,Software Developer,2026-05-06 01:04:06
4399942430,Full Stack Engineer,Accenture,,https://www.linkedin.com/jobs/view/4399942430,Software Developer,2026-05-06 01:04:11
4370703377,Full Stack Engineer,9fin,,https://www.linkedin.com/jobs/view/4370703377,Software Developer,2026-05-06 01:04:15
4403947356,Software Engineer (Applied AI),Euphoric,,https://www.linkedin.com/jobs/view/4403947356,Software Developer,2026-05-06 01:04:21
4402120112,Full Stack Engineer,Hook,,https://www.linkedin.com/jobs/view/4402120112,Software Developer,2026-05-06 01:04:29
4373941840,Full-Stack Product Engineer (AI Commerce),Colossal,,https://www.linkedin.com/jobs/view/4373941840,Software Developer,2026-05-06 01:04:38
4409174713,AI Developer,Finalto,,https://www.linkedin.com/jobs/view/4409174713,Software Developer,2026-05-06 01:04:40
4398270511,Software Engineer,Harvey Nash,,https://www.linkedin.com/jobs/view/4398270511,Software Developer,2026-05-06 01:04:48
4373131747,Software Engineer,FanDuel,,https://www.linkedin.com/jobs/view/4373131747,Software Developer,2026-05-06 01:04:50
4409190385,Full Stack Engineer,Monument,,https://www.linkedin.com/jobs/view/4409190385,Software Developer,2026-05-06 01:04:51
4405527169,Software Engineer,Thyme,,https://www.linkedin.com/jobs/view/4405527169,Software Developer,2026-05-06 01:04:52
4403994465,Web Experience Developer,Reed,,https://www.linkedin.com/jobs/view/4403994465,Software Developer,2026-05-06 01:04:57
4401277421,Full Stack Engineer - AI,Salt,,https://www.linkedin.com/jobs/view/4401277421,Software Developer,2026-05-06 01:05:00
4408503450,Software Engineer,Candour,,https://www.linkedin.com/jobs/view/4408503450,Software Developer,2026-05-06 01:05:03
4405268536,Software Engineer,Amicus,,https://www.linkedin.com/jobs/view/4405268536,Software Developer,2026-05-06 01:05:05
4405971830,Full Stack Node Developer,Bourn,,https://www.linkedin.com/jobs/view/4405971830,Software Developer,2026-05-06 01:05:10
4402178355,Full-stack Developer,Super Benji,,https://www.linkedin.com/jobs/view/4402178355,Software Developer,2026-05-06 01:05:21
4405269510,Software Engineer,SRG,,https://www.linkedin.com/jobs/view/4405269510,Software Developer,2026-05-06 01:05:28
4372394149,Software Engineer,Quantcast,,https://www.linkedin.com/jobs/view/4372394149,Software Developer,2026-05-06 01:05:41
4398227006,Software Engineer,develop,,https://www.linkedin.com/jobs/view/4398227006,Software Developer,2026-05-06 01:05:43
4401705700,Full Stack Engineer,Formula.,,https://www.linkedin.com/jobs/view/4401705700,Software Developer,2026-05-06 01:05:48
4407855013,Software Engineer (Node.js),Amber Labs,,https://www.linkedin.com/jobs/view/4407855013,Software Developer,2026-05-06 01:05:49
4408166855,Full Stack Engineer,Avanade,,https://www.linkedin.com/jobs/view/4408166855,Software Developer,2026-05-06 01:05:57
4407346990,Software Engineer,Information Tech Consultants,,https://www.linkedin.com/jobs/view/4407346990,Software Developer,2026-05-06 01:05:59
